{"RuleTriggered": 0, "Violations": 0, "Details": {"pin_memory": false, "num_workers": 0, "cores": 36, "dataloaders": 1, "dataloading_time": {"p25": 0.024113, "p50": 0.024786000000000002, "p95": 0.02755995, "probs": [1, 0, 0, 0, 0, 0, 0, 0, 0, 0, 0, 0, 0, 0, 0, 0, 0, 0, 0, 0, 0, 0, 0, 0, 0, 0, 0, 0, 0, 0, 0, 0, 0, 0, 0, 0, 0, 0, 0, 0, 0, 0, 0, 0, 0, 0, 0, 0, 0, 0, 0, 0, 0, 0, 0, 0, 0, 0, 0, 0, 0, 0, 0, 0, 0, 0, 0, 0, 0, 0, 0, 0, 0, 0, 0, 0, 0, 0, 0, 2, 0, 0, 1, 2, 0, 0, 0, 0, 0, 2, 0, 1, 0, 0, 0, 0, 0, 0, 0, 1], "binedges": [0.006683, 0.006899639999999999, 0.00711628, 0.00733292, 0.00754956, 0.0077662, 0.00798284, 0.00819948, 0.00841612, 0.00863276, 0.0088494, 0.009066040000000001, 0.00928268, 0.00949932, 0.00971596, 0.0099326, 0.01014924, 0.010365880000000001, 0.010582520000000002, 0.01079916, 0.011015800000000001, 0.01123244, 0.01144908, 0.011665720000000001, 0.011882360000000002, 0.012099, 0.012315640000000001, 0.01253228, 0.01274892, 0.012965560000000001, 0.013182200000000002, 0.013398840000000002, 0.013615480000000001, 0.01383212, 0.01404876, 0.014265400000000001, 0.014482040000000002, 0.01469868, 0.014915320000000001, 0.015131960000000002, 0.015348600000000002, 0.015565240000000001, 0.01578188, 0.015998520000000002, 0.01621516, 0.016431800000000003, 0.01664844, 0.01686508, 0.01708172, 0.017298360000000002, 0.017515000000000003, 0.01773164, 0.017948280000000004, 0.01816492, 0.01838156, 0.018598200000000002, 0.01881484, 0.019031480000000003, 0.01924812, 0.019464760000000005, 0.0196814, 0.019898040000000002, 0.020114680000000003, 0.02033132, 0.020547960000000004, 0.0207646, 0.02098124, 0.021197880000000002, 0.021414520000000003, 0.021631160000000003, 0.0218478, 0.022064440000000005, 0.02228108, 0.022497720000000006, 0.022714360000000003, 0.022931, 0.023147640000000004, 0.02336428, 0.023580920000000005, 0.023797560000000002, 0.024014200000000006, 0.024230840000000003, 0.02444748, 0.024664120000000005, 0.024880760000000002, 0.025097400000000006, 0.025314040000000003, 0.02553068, 0.025747320000000004, 0.02596396, 0.026180600000000005, 0.026397240000000002, 0.026613880000000006, 0.026830520000000004, 0.02704716, 0.027263800000000005, 0.027480440000000002, 0.027697080000000006, 0.027913720000000003, 0.028130360000000007, 0.028347]}}, "Datapoints": 10, "RuleParameters": "min_threshold:70\nmax_threshold:200"}