{"RuleTriggered": 0, "Violations": 0, "Details": {"step_num": {"first": 1632468918285435, "last": 1632471237237604}, "job_start": 1632468860.686219, "job_end": 1632471239.686559}, "Datapoints": 87, "RuleParameters": "threshold:20"}