{"RuleTriggered": 0, "Violations": 0, "Details": {"ratio": {"cpu_functions": 100.0}, "phase": {"Step:ModeKeys.GLOBAL": 91.4988256465471, "others": 8.501174353452903}, "phase_time": {}, "general": {"DataLoaderIterInitialize": 0.010528185034181316, "Forward": 99.98014903111334, "DataLoaderIter": 0.009322783852482933}, "CPU": {"dropout": 3.4468912773298914, "matmul": 10.187128547985989, "mm": 26.128000942934083, "NativeLayerNormBackward": 7.082941314796368, "native_layer_norm_backward": 7.081104154460218, "MmBackward": 17.344583549151647, "GeluBackward": 14.3648699110507, "gelu_backward": 14.3644803022911}, "CPU_total": {"dropout": 10227199, "matmul": 30226016, "mm": 77523845, "NativeLayerNormBackward": 21015647, "native_layer_norm_backward": 21010196, "MmBackward": 51462751, "GeluBackward": 42621705, "gelu_backward": 42620549}}, "Datapoints": 0, "RuleParameters": ""}